{
  "name": "core-scaffold",
  "private": true,
  "dependencies": {
    "core-drawer-panel": "Polymer/core-drawer-panel#^0.5",
    "core-header-panel": "Polymer/core-header-panel#^0.5",
    "core-icon-button": "Polymer/core-icon-button#^0.5",
    "core-toolbar": "Polymer/core-toolbar#^0.5"
  },
  "version": "0.5.5",
  "homepage": "https://github.com/Polymer/core-scaffold",
  "_release": "0.5.5",
  "_resolution": {
    "type": "version",
    "tag": "0.5.5",
    "commit": "20066b1e2006c3401eb7d7f6637ddd3b62cff6ce"
  },
  "_source": "git://github.com/Polymer/core-scaffold.git",
  "_target": "^0.5",
  "_originalSource": "Polymer/core-scaffold"
}