{
  "name": "core-doc-viewer",
  "private": true,
  "dependencies": {
    "core-ajax": "Polymer/core-ajax#^0.5",
    "core-menu": "Polymer/core-menu#^0.5",
    "core-item": "Polymer/core-item#^0.5",
    "core-toolbar": "Polymer/core-toolbar#^0.5",
    "core-icons": "Polymer/core-icons#^0.5",
    "core-icon-button": "Polymer/core-icon-button#^0.5",
    "core-header-panel": "Polymer/core-header-panel#^0.5",
    "context-free-parser": "Polymer/context-free-parser#^0.5",
    "marked-element": "PolymerLabs/marked-element#^0.5",
    "prettify-element": "Polymer/prettify-element#^0.5"
  },
  "version": "0.5.5",
  "homepage": "https://github.com/Polymer/core-doc-viewer",
  "_release": "0.5.5",
  "_resolution": {
    "type": "version",
    "tag": "0.5.5",
    "commit": "df193932746ebe540d09f420a631f1fa84e93e91"
  },
  "_source": "git://github.com/Polymer/core-doc-viewer.git",
  "_target": "^0.5",
  "_originalSource": "Polymer/core-doc-viewer"
}