{
  "name": "core-ajax",
  "private": true,
  "dependencies": {
    "polymer": "Polymer/polymer#^0.5"
  },
  "devDependencies": {
    "polymer-test-tools": "Polymer/polymer-test-tools#master"
  },
  "version": "0.5.5",
  "homepage": "https://github.com/Polymer/core-ajax",
  "_release": "0.5.5",
  "_resolution": {
    "type": "version",
    "tag": "0.5.5",
    "commit": "1898a145ea86a9d71a1601739c8f7c5409cae1ef"
  },
  "_source": "git://github.com/Polymer/core-ajax.git",
  "_target": "^0.5",
  "_originalSource": "Polymer/core-ajax"
}