{
  "name": "core-range",
  "private": true,
  "dependencies": {
    "polymer": "Polymer/polymer#^0.5",
    "core-input": "Polymer/core-input#^0.5"
  },
  "version": "0.5.5",
  "homepage": "https://github.com/Polymer/core-range",
  "_release": "0.5.5",
  "_resolution": {
    "type": "version",
    "tag": "0.5.5",
    "commit": "336969d69ccbf0d3035127cd9f2ff026c749ee4e"
  },
  "_source": "git://github.com/Polymer/core-range.git",
  "_target": "^0.5",
  "_originalSource": "Polymer/core-range"
}