{
  "name": "core-shared-lib",
  "private": true,
  "dependencies": {
    "polymer": "Polymer/polymer#^0.5"
  },
  "devDependencies": {
    "polymer-test-tools": "Polymer/polymer-test-tools#master"
  },
  "version": "0.5.5",
  "homepage": "https://github.com/Polymer/core-shared-lib",
  "_release": "0.5.5",
  "_resolution": {
    "type": "version",
    "tag": "0.5.5",
    "commit": "05890bf9aed7140c072c99c591cf109e3bc85190"
  },
  "_source": "git://github.com/Polymer/core-shared-lib.git",
  "_target": "^0.5",
  "_originalSource": "Polymer/core-shared-lib"
}