{
  "name": "core-dropdown-menu",
  "private": false,
  "dependencies": {
    "polymer": "Polymer/polymer#^0.5",
    "core-a11y-keys": "Polymer/core-a11y-keys#^0.5",
    "core-collapse": "Polymer/core-collapse#^0.5",
    "core-dropdown": "Polymer/core-dropdown#^0.5",
    "core-focusable": "Polymer/core-focusable#^0.5",
    "core-icon": "Polymer/core-icon#^0.5",
    "core-icons": "Polymer/core-icons#^0.5",
    "core-icon-button": "Polymer/core-icon-button#^0.5",
    "core-item": "Polymer/core-item#^0.5",
    "core-menu": "Polymer/core-menu#^0.5"
  },
  "devDependencies": {
    "web-component-tester": "Polymer/web-component-tester#^1.1.4"
  },
  "version": "0.5.5",
  "homepage": "https://github.com/Polymer/core-dropdown-menu",
  "_release": "0.5.5",
  "_resolution": {
    "type": "version",
    "tag": "0.5.5",
    "commit": "44b95134f5e2fbb6e2fcc11ef2c6cb7cdab724a5"
  },
  "_source": "git://github.com/Polymer/core-dropdown-menu.git",
  "_target": "^0.5",
  "_originalSource": "Polymer/core-dropdown-menu"
}