{
  "name": "core-animation",
  "private": true,
  "dependencies": {
    "polymer": "Polymer/polymer#^0.5",
    "web-animations-js": "web-animations/web-animations-js#1.0.5"
  },
  "version": "0.5.5",
  "homepage": "https://github.com/Polymer/core-animation",
  "_release": "0.5.5",
  "_resolution": {
    "type": "version",
    "tag": "0.5.5",
    "commit": "39eeab9ce8ded658ea5b1a6f393894c3c4b0acec"
  },
  "_source": "git://github.com/Polymer/core-animation.git",
  "_target": "^0.5",
  "_originalSource": "Polymer/core-animation"
}