{
  "name": "core-menu-button",
  "private": false,
  "dependencies": {
    "polymer": "Polymer/polymer#^0.5",
    "core-a11y-keys": "Polymer/core-a11y-keys#^0.5",
    "core-collapse": "Polymer/core-collapse#^0.5",
    "core-dropdown": "Polymer/core-dropdown#^0.5",
    "core-icons": "Polymer/core-icons#^0.5",
    "core-icon-button": "Polymer/core-icon-button#^0.5",
    "core-item": "Polymer/core-item#^0.5",
    "core-menu": "Polymer/core-menu#^0.5"
  },
  "devDependencies": {
    "web-component-tester": "Polymer/web-component-tester#^1.1.4"
  },
  "version": "0.5.5",
  "homepage": "https://github.com/Polymer/core-menu-button",
  "_release": "0.5.5",
  "_resolution": {
    "type": "version",
    "tag": "0.5.5",
    "commit": "cae05ccb2c5e1c66c8e0fbce1a4b168a59af92df"
  },
  "_source": "git://github.com/Polymer/core-menu-button.git",
  "_target": "^0.5",
  "_originalSource": "Polymer/core-menu-button"
}