{
  "name": "core-animated-pages",
  "private": true,
  "dependencies": {
    "polymer": "Polymer/polymer#^0.5",
    "core-selector": "Polymer/core-selector#^0.5",
    "core-style": "Polymer/core-style#^0.5",
    "core-transition": "Polymer/core-transition#^0.5",
    "core-resizable": "Polymer/core-resizable#^0.5"
  },
  "version": "0.5.5",
  "homepage": "https://github.com/Polymer/core-animated-pages",
  "_release": "0.5.5",
  "_resolution": {
    "type": "version",
    "tag": "0.5.5",
    "commit": "e57f200cc6f4b524e4c8abade8d94629e4386dcd"
  },
  "_source": "git://github.com/Polymer/core-animated-pages.git",
  "_target": "^0.5",
  "_originalSource": "Polymer/core-animated-pages"
}