{
  "name": "core-item",
  "private": true,
  "dependencies": {
    "core-icon": "Polymer/core-icon#^0.5",
    "core-icons": "Polymer/core-icons#^0.5"
  },
  "version": "0.5.5",
  "homepage": "https://github.com/Polymer/core-item",
  "_release": "0.5.5",
  "_resolution": {
    "type": "version",
    "tag": "0.5.5",
    "commit": "46be57f9435ffe9b43fb533a7f290ad03b3fab7c"
  },
  "_source": "git://github.com/Polymer/core-item.git",
  "_target": "^0.5",
  "_originalSource": "Polymer/core-item"
}