{
  "name": "core-label",
  "private": true,
  "dependencies": {
    "polymer": "Polymer/polymer#^0.5"
  },
  "devDependencies": {
    "web-component-tester": "Polymer/web-component-tester#^1"
  },
  "ignore": [
    "**/.*",
    "node_modules",
    "bower_components",
    "test",
    "tests"
  ],
  "version": "0.5.5",
  "homepage": "https://github.com/Polymer/core-label",
  "_release": "0.5.5",
  "_resolution": {
    "type": "version",
    "tag": "0.5.5",
    "commit": "475d3961d07d946c4e4fdb502365b23e6cd9c766"
  },
  "_source": "git://github.com/Polymer/core-label.git",
  "_target": "^0.5",
  "_originalSource": "Polymer/core-label"
}