{
  "name": "core-drawer-panel",
  "private": true,
  "dependencies": {
    "core-selector": "Polymer/core-selector#^0.5",
    "core-media-query": "Polymer/core-media-query#^0.5"
  },
  "version": "0.5.5",
  "homepage": "https://github.com/Polymer/core-drawer-panel",
  "_release": "0.5.5",
  "_resolution": {
    "type": "version",
    "tag": "0.5.5",
    "commit": "bb610684046cc627bb5a59177cd117a11a9893c6"
  },
  "_source": "git://github.com/Polymer/core-drawer-panel.git",
  "_target": "^0.5",
  "_originalSource": "Polymer/core-drawer-panel"
}