{
  "name": "core-resizable",
  "private": true,
  "devDependencies": {
    "web-component-tester": "Polymer/web-component-tester#master"
  },
  "version": "0.5.5",
  "homepage": "https://github.com/Polymer/core-resizable",
  "_release": "0.5.5",
  "_resolution": {
    "type": "version",
    "tag": "0.5.5",
    "commit": "92139436d36cc370c0f126b304a844b8bb70964b"
  },
  "_source": "git://github.com/Polymer/core-resizable.git",
  "_target": "^0.5",
  "_originalSource": "Polymer/core-resizable"
}