{
  "name": "core-collapse",
  "private": true,
  "dependencies": {
    "polymer": "Polymer/polymer#^0.5"
  },
  "devDependencies": {
    "web-component-tester": "Polymer/web-component-tester#^1.1.0"
  },
  "version": "0.5.5",
  "homepage": "https://github.com/Polymer/core-collapse",
  "_release": "0.5.5",
  "_resolution": {
    "type": "version",
    "tag": "0.5.5",
    "commit": "388ea0355dd67baf0ca5bbd5205e12e6e243e3ed"
  },
  "_source": "git://github.com/Polymer/core-collapse.git",
  "_target": "^0.5",
  "_originalSource": "Polymer/core-collapse"
}