{
  "name": "core-toolbar",
  "private": true,
  "dependencies": {
    "core-icon-button": "Polymer/core-icon-button#^0.5",
    "core-media-query": "Polymer/core-media-query#^0.5"
  },
  "version": "0.5.5",
  "homepage": "https://github.com/Polymer/core-toolbar",
  "_release": "0.5.5",
  "_resolution": {
    "type": "version",
    "tag": "0.5.5",
    "commit": "cbdb98ee61b3f44aa64e408a288b0ae0858da84f"
  },
  "_source": "git://github.com/Polymer/core-toolbar.git",
  "_target": "^0.5",
  "_originalSource": "Polymer/core-toolbar"
}