{
  "name": "core-scroll-header-panel",
  "private": true,
  "dependencies": {
    "core-field": "Polymer/core-field#^0.5",
    "core-icon-button": "Polymer/core-icon-button#^0.5",
    "core-input": "Polymer/core-input#^0.5",
    "core-media-query": "Polymer/core-media-query#^0.5",
    "core-toolbar": "Polymer/core-toolbar#^0.5",
    "core-resizable": "Polymer/core-resizable#^0.5"
  },
  "version": "0.5.5",
  "homepage": "https://github.com/Polymer/core-scroll-header-panel",
  "_release": "0.5.5",
  "_resolution": {
    "type": "version",
    "tag": "0.5.5",
    "commit": "5c0eacab6b5d8b56c5debc7f44543af91829e39f"
  },
  "_source": "git://github.com/Polymer/core-scroll-header-panel.git",
  "_target": "^0.5",
  "_originalSource": "Polymer/core-scroll-header-panel"
}